StartCluster,0.0,1.0,2.0,3.0,4.0,5.0,6.0,7.0,8.0,9.0,10.0,11.0,12.0,13.0,14.0,15.0,16.0,17.0,18.0,19.0,20.0,21.0,22.0,23.0,24.0,25.0,26.0,27.0,28.0,29.0,30.0,31.0,32.0,33.0,34.0,35.0,36.0,37.0,38.0,39.0,40.0,41.0,42.0,43.0,44.0,45.0,46.0,47.0,48.0,49.0,50.0,51.0,52.0,53.0,54.0,55.0,56.0,57.0,58.0,59.0,60.0,61.0,62.0,63.0,64.0,65.0,66.0,67.0,68.0,69.0,70.0,71.0,72.0,73.0,74.0,75.0,76.0,77.0,78.0,79.0,80.0,81.0,82.0,83.0,84.0,85.0,86.0,87.0,88.0,89.0,90.0,91.0,92.0,93.0,94.0,95.0,96.0,97.0,98.0,99.0,100.0,101.0,102.0,103.0,104.0,105.0,106.0,107.0,108.0,109.0,110.0,111.0,112.0,113.0,114.0,115.0,116.0,117.0,118.0,119.0,120.0,121.0,122.0,123.0,124.0,125.0,126.0,127.0,128.0,129.0
0,0,10600,10600,10270,9170,10942,10405,8405,10404,10942,8405,9702,9170,10631,10790,10631,8405,10905,9193,10099,10938,10077,7346,8405,10600,10890,9702,10270,9170,10790,9413,8544,10890,10446,8920,10405,10905,10942,10833,10730,9193,9413,9413,8544,10905,10938,10890,10631,9170,9646,10631,10600,9413,9193,8920,9170,9193,9413,10404,8544,10790,9702,10833,10833,9646,10938,9868,9702,10833,10905,8920,10938,10099,10405,10270,10938,10270,9868,10405,10405,9193,9868,10790,9868,7709,8665,9702,10631,10099,10600,10631,10730,10938,10790,10938,8544,9702,8405,8142,10099,10942,7877,10600,8665,10099,9413,7709,10099,10631,9170,10730,10833,10890,8920,8142,10890,10600,9868,8142,10938,10405,8544,8920,10942,8920,10833,10790,8920,10631,10890
1,85,0,56,87,85,62,81,42,86,62,81,76,85,74,85,70,36,81,82,76,66,54,72,81,56,68,84,87,85,87,44,82,68,87,44,87,85,62,60,85,79,86,81,85,67,72,66,78,46,87,72,86,86,84,84,46,81,86,74,87,76,76,60,60,46,66,87,79,58,73,84,87,82,84,52,64,61,52,74,74,84,52,85,52,86,82,88,79,76,86,76,82,81,83,64,86,79,40,79,81,64,38,54,82,88,86,82,82,70,40,56,60,72,82,79,68,61,87,79,86,79,81,84,68,84,67,68,44,70,74
2,964,643,0,596,484,985,856,442,856,811,422,950,463,877,811,995,691,691,950,995,992,596,331,403,916,918,897,573,484,811,787,976,877,619,484,834,715,964,918,667,976,505,505,934,715,763,856,856,505,527,995,643,505,897,463,484,976,505,934,934,811,995,788,776,811,856,527,964,918,715,463,763,877,834,877,992,596,550,934,990,950,573,811,573,950,442,897,877,916,643,856,667,763,811,918,934,964,442,403,916,836,403,836,442,877,484,976,897,916,739,763,950,811,442,403,992,643,527,403,739,856,992,463,715,463,691,897,484,990,811
3,87,92,55,0,92,63,81,40,92,61,92,77,92,75,87,72,35,82,83,77,66,52,83,91,55,68,85,90,91,92,42,83,68,85,44,92,87,63,59,71,79,71,89,87,90,72,68,79,46,88,72,82,92,85,92,44,81,92,75,91,77,77,59,59,44,66,85,79,59,88,92,89,83,85,50,63,92,50,75,75,85,50,92,50,88,92,91,79,79,64,77,83,90,91,66,88,79,39,92,81,63,37,55,91,92,92,83,83,72,40,57,59,74,91,89,68,92,91,89,88,79,83,92,68,92,91,70,42,70,75
4,52,60,29,62,0,35,48,21,60,34,60,44,55,42,52,41,18,62,49,44,36,28,45,52,29,38,51,60,58,58,22,49,38,57,23,60,52,35,32,61,46,60,55,52,62,41,38,46,24,59,41,61,37,51,56,23,48,57,42,56,44,46,32,32,23,36,60,46,32,62,43,55,49,51,27,35,58,27,42,42,51,27,61,27,53,59,57,46,46,62,44,49,62,61,36,53,46,20,61,48,35,19,29,49,58,43,49,49,41,21,31,32,42,53,51,38,61,49,55,53,46,49,37,38,56,61,39,22,39,42
5,171,122,169,118,98,0,160,90,157,154,86,170,94,163,151,169,150,134,169,169,133,114,69,82,171,163,163,114,98,150,163,171,163,118,98,157,134,163,171,130,171,102,102,169,134,146,160,160,102,102,163,122,98,166,90,98,171,102,169,168,154,166,150,171,166,157,106,170,171,138,90,142,160,157,170,120,114,110,168,163,169,110,150,110,170,90,163,160,166,122,157,126,142,154,169,168,170,86,79,168,170,82,169,90,160,98,171,166,166,160,142,169,154,90,82,152,126,106,79,142,157,169,90,138,94,130,163,94,143,154
6,1223,1184,1105,1133,987,1207,0,1159,1280,1183,894,1286,956,1187,1187,1273,801,1246,1139,1286,1227,1273,740,862,1105,1246,1003,1105,987,1285,925,1268,1246,1159,1183,1285,1280,1207,1159,1207,1285,1017,1017,1187,1246,1079,1227,1003,1227,1047,1273,1183,1017,905,956,1207,1280,1017,1281,1187,905,1286,1159,1159,956,1227,1077,1285,1159,1246,956,1249,905,1139,1047,1207,1133,1261,1281,1281,1187,1261,1286,1261,1139,925,1249,1079,1139,1184,1003,1286,1273,1286,1227,1079,1285,1133,862,1003,1207,1105,1105,925,1268,987,1268,905,1273,862,1133,1159,1079,925,862,1246,1183,1077,862,1268,1003,1280,956,1139,956,1227,1261,1183,1261,1139
7,67,42,38,38,30,46,79,0,61,46,26,61,30,75,67,55,23,48,75,59,48,85,21,26,38,50,74,38,30,59,29,65,50,40,74,61,59,46,42,44,61,32,32,69,48,74,50,84,87,33,54,42,32,75,29,74,63,32,57,69,77,61,42,42,30,48,35,61,42,48,29,63,77,72,35,48,38,87,57,57,74,87,57,85,72,27,65,79,77,42,82,54,52,57,48,74,61,69,24,79,46,62,38,27,63,32,67,81,54,27,40,42,79,27,24,50,42,35,24,63,74,65,29,72,29,46,52,52,54,86
8,20624,21388,18659,21683,21012,19976,21586,15088,0,19976,19976,21689,20706,21617,21073,21475,13521,20020,21388,21689,20706,18659,17683,19562,18659,21012,21073,21689,21012,16938,15615,21388,21012,21586,16140,13078,21073,20359,19562,21073,21683,21271,21271,20624,20020,21475,21012,21683,16661,21475,21475,21388,21271,21073,20706,16140,21586,21271,21617,18225,21689,21689,19562,19562,16140,20707,21617,21683,19562,20020,20707,20020,21388,21388,17683,20359,21683,17683,21617,21617,21073,18179,16938,17683,20020,20359,16938,21683,21683,21388,21689,21586,18225,15282,20707,20020,21683,15088,19562,21586,20359,14040,18659,20359,15282,21012,21388,21388,21475,15088,19122,19562,21617,20359,19562,21012,21388,21475,19562,20624,21683,21388,20707,21012,20706,20624,21271,16140,21271,21617
9,317,227,257,212,175,286,292,167,292,0,154,312,175,297,279,307,182,250,314,314,292,212,128,154,257,297,302,212,175,279,212,317,265,220,175,292,250,286,273,235,317,182,182,314,250,265,292,292,182,189,307,227,182,307,167,182,316,189,301,311,279,316,190,273,220,222,197,308,273,250,167,265,297,292,250,292,212,204,281,311,314,204,279,204,314,160,302,297,307,227,292,235,265,286,292,311,308,160,147,307,286,154,257,167,297,182,317,302,292,204,222,273,279,167,147,297,227,197,147,265,292,317,167,257,167,242,281,175,307,286
10,4,5,2,6,6,2,3,1,5,2,0,3,5,3,4,3,1,6,4,3,2,2,5,6,2,2,4,6,5,5,1,4,2,6,1,5,4,2,2,6,3,6,5,4,6,3,2,3,1,6,3,6,5,4,5,1,4,6,3,5,3,3,2,2,1,2,5,3,2,6,6,5,4,4,2,2,5,2,3,3,4,2,5,2,5,3,5,3,3,6,3,4,6,5,2,5,3,1,4,3,2,1,2,6,5,6,4,4,3,1,2,2,3,5,5,2,5,5,6,5,3,4,5,2,5,6,2,1,3,3
11,1228,1221,1323,1160,997,1381,1386,963,1386,1366,930,0,997,1385,1372,1366,1030,1300,1317,1317,1386,1160,766,896,1323,1385,1379,1160,997,1372,1160,1163,1278,1191,997,1386,1300,1381,1359,1249,1228,1030,1030,1318,1300,1342,1317,1386,1030,1064,1366,1221,1030,1366,963,1030,1278,1064,1163,1346,1372,1278,1379,1359,1191,1318,1096,975,1359,1300,963,1342,1385,1386,1275,1386,1160,1129,1163,1346,1318,1129,1372,1129,1318,930,1379,1385,1366,1221,1386,1249,1342,1372,1386,1346,835,930,863,1366,1381,896,1323,963,1385,1030,1228,1379,1278,1129,1386,1359,1372,963,863,1385,1221,1096,863,1342,1386,1163,963,1323,963,1275,1278,997,1366,1381
12,10,11,5,11,10,6,9,3,11,6,11,7,0,7,9,7,3,11,9,7,6,5,11,9,5,6,9,10,11,11,4,9,6,11,4,11,10,6,5,11,9,11,10,10,11,7,6,7,4,11,7,11,10,9,11,4,9,7,7,10,7,8,5,5,4,6,11,9,5,11,10,10,9,9,4,6,11,4,7,7,9,4,11,4,10,11,11,9,7,11,7,9,11,11,6,10,9,3,11,9,6,3,5,10,11,10,9,9,7,3,5,5,7,6,11,6,11,11,9,10,9,9,10,6,11,11,6,4,7,7
13,798,706,723,669,571,784,758,706,819,771,531,821,571,0,818,813,531,757,641,821,796,806,435,511,723,806,781,669,591,813,611,798,806,688,740,819,819,784,757,740,818,611,611,758,757,810,796,689,757,611,819,706,591,728,551,740,810,611,822,810,781,821,757,757,630,796,630,818,740,771,551,822,728,798,688,784,669,784,822,822,728,796,806,796,798,551,821,578,578,706,689,806,784,813,784,781,818,706,492,641,784,669,723,551,822,591,798,641,813,571,740,757,758,551,492,806,723,630,492,822,781,810,551,821,551,740,806,740,813,758
14,816,801,674,777,692,728,764,635,804,728,635,819,674,823,0,790,476,824,804,811,745,761,535,635,654,777,694,761,692,733,555,827,777,790,674,787,694,728,692,811,824,711,711,816,824,823,761,804,692,728,790,801,711,764,674,674,827,711,801,804,804,819,711,692,575,745,745,819,692,824,674,582,733,498,635,745,777,728,801,811,816,745,804,745,787,654,823,804,816,801,804,764,827,816,745,764,819,635,615,787,728,595,654,654,823,692,827,764,790,515,674,692,823,654,615,762,801,745,615,645,764,827,674,827,674,819,777,674,790,823
15,223,186,229,181,153,226,227,142,227,222,137,226,148,227,219,0,196,201,228,202,223,175,111,131,229,211,228,175,153,219,214,217,228,181,153,225,201,226,229,196,218,159,159,228,201,214,227,227,159,159,202,186,153,229,142,153,223,159,228,229,222,192,219,228,219,225,164,226,229,206,142,210,227,225,227,223,175,170,229,178,228,170,219,170,226,142,228,227,229,186,225,196,210,222,223,229,226,137,126,229,226,131,228,142,227,153,217,229,229,206,210,229,222,142,131,217,191,164,126,210,225,202,142,206,148,196,228,148,202,222
16,85,46,77,42,33,97,69,29,69,63,29,82,33,72,63,95,0,53,82,95,105,42,21,26,110,92,74,40,33,63,93,87,72,44,33,65,53,110,82,48,87,34,34,82,53,58,72,69,34,36,105,46,34,74,31,34,87,34,80,80,63,97,60,82,105,69,38,85,80,53,31,58,72,66,107,99,42,38,80,102,82,40,63,40,82,29,74,72,77,46,69,48,58,63,87,80,85,29,26,77,87,26,77,29,72,33,87,74,77,78,58,110,63,29,26,107,46,38,26,55,69,92,31,53,31,51,74,33,97,63
17,5904,5468,4121,5253,5896,4691,5739,3278,5468,4691,5904,5561,5896,5455,5904,5222,2884,0,5810,5561,4965,4121,5656,5865,4264,5096,5865,5253,5896,5756,3414,5810,5096,4977,3414,5633,5904,4829,4550,4173,5656,5842,5922,5904,4626,5342,4965,5656,3552,5756,5342,4626,5842,5865,5922,3552,5739,5842,5455,5896,5561,5561,4550,4550,3552,4965,5756,5656,4408,4626,5922,5922,5810,5865,3977,4829,5756,3977,5455,5455,5865,3977,5253,3977,5924,5924,5842,5656,5561,4626,5560,5810,4626,4977,4829,5924,5656,3144,5865,5739,4829,3013,4121,5924,5842,5896,5810,5810,5222,3144,4408,4550,5342,5922,5865,5096,5468,5756,5865,5924,5656,5739,5922,5096,5922,4977,5096,3414,5222,5455
18,4209,4702,4783,4518,3967,4960,4442,4309,4940,4960,3606,4763,3967,3912,4868,4986,3727,4913,0,4868,4993,4913,3004,3485,4783,5008,4442,4416,3967,5010,4198,4209,5008,4613,4518,4986,5010,4960,4854,4783,4624,4084,4084,3529,4913,4940,5010,4209,4613,4198,4986,4702,4084,4209,3848,4518,4442,4084,4868,4442,4763,4764,4913,4854,4309,5010,4198,4763,4854,4913,3848,4986,4209,4764,4613,4993,4518,4783,4940,4868,3020,4854,5008,4783,4209,3727,4764,4209,3529,4702,4442,4960,4960,5008,4993,4209,4764,4309,3485,3020,4960,4084,4702,3727,4940,3967,4209,3529,4986,3967,4783,4854,4624,3727,3485,5010,4702,4198,3485,5008,4624,4442,3848,4986,3848,4854,5008,4518,4986,4624
19,1072,1024,1162,973,836,1146,1162,780,1162,1151,752,1104,836,1162,1140,1030,999,1090,1129,0,1104,973,616,724,1162,1072,1162,947,836,1140,1090,1030,1162,973,836,1158,1090,1146,1157,1047,1030,864,864,1129,1069,1126,1162,1162,864,864,976,999,864,1157,780,836,1072,864,1129,1146,1151,818,1140,1157,1110,1158,892,1104,1162,1090,780,1110,1162,1158,1151,1129,947,920,1146,907,1129,947,1140,920,1104,780,1162,1162,1157,999,1158,1047,1110,1151,1129,1146,1104,780,696,1146,1129,724,1158,780,1162,836,1030,1157,1157,1047,1110,1157,1151,780,724,1072,1024,892,696,1110,1158,907,780,1090,808,1047,1162,836,1030,1151
20,87,66,87,62,51,67,83,47,83,80,45,87,51,84,79,85,83,72,87,83,0,62,36,44,83,83,85,60,51,79,87,87,84,62,51,82,72,67,87,68,87,53,53,87,72,76,83,83,53,56,67,64,53,85,49,51,87,53,87,86,80,83,79,87,87,83,56,87,87,72,49,74,84,82,86,67,60,58,86,72,87,58,80,58,87,47,85,84,85,64,83,68,74,80,86,87,87,47,42,86,86,44,86,47,83,51,87,85,85,86,74,77,80,47,44,52,66,56,44,74,82,85,49,72,49,68,84,51,72,80
21,637,431,414,398,322,464,685,672,596,464,294,580,322,679,637,532,267,481,679,580,497,0,230,280,414,514,671,398,336,564,322,624,515,431,658,580,580,481,447,464,596,351,351,650,497,671,497,692,639,367,548,447,351,679,322,639,610,351,564,637,685,580,447,447,336,497,367,596,431,497,322,610,679,650,382,481,414,658,564,564,661,541,564,541,661,307,624,685,679,447,692,548,514,564,481,671,596,682,280,685,481,689,414,307,596,336,624,690,548,294,431,447,690,307,280,515,447,367,280,596,671,610,322,650,322,481,515,658,532,682
22,10,12,4,13,11,5,9,3,12,5,12,7,15,7,10,6,2,14,9,7,5,4,0,10,4,6,10,15,13,12,3,9,6,13,3,12,10,5,5,13,8,12,10,10,13,7,6,7,3,14,7,14,11,10,14,3,9,14,7,11,7,7,5,5,3,6,13,8,5,13,10,11,9,10,4,5,12,4,7,7,10,4,13,4,10,12,11,8,7,14,7,9,13,13,5,10,8,3,12,9,5,3,4,10,11,11,9,9,6,3,4,5,7,15,12,6,12,12,9,10,9,9,10,6,13,13,6,3,6,7
23,127,152,66,162,139,80,111,49,149,80,162,107,135,103,127,95,40,164,115,103,83,66,107,0,70,91,123,152,152,146,52,119,91,163,52,149,127,80,76,165,111,152,135,127,160,99,87,111,55,149,98,158,147,123,146,55,115,142,103,139,107,107,76,76,55,87,152,111,73,160,139,135,119,123,63,83,146,63,103,103,123,63,155,63,131,160,142,111,107,162,107,119,160,158,83,131,111,47,165,115,83,44,66,117,142,139,119,119,95,47,70,76,99,131,119,91,152,153,100,131,111,115,117,91,152,158,91,52,95,103
24,573,382,545,354,287,592,509,263,509,482,251,565,287,522,468,592,589,425,565,592,563,354,207,251,0,590,534,340,287,482,546,580,522,368,287,496,425,461,556,397,580,300,300,556,425,454,509,509,300,313,575,382,300,534,275,287,580,300,556,556,482,592,468,565,497,509,313,573,556,425,275,454,522,496,356,589,354,327,556,584,565,340,483,340,565,263,534,522,545,382,509,397,454,483,580,556,573,263,239,545,573,239,534,263,522,287,580,534,545,563,454,356,482,263,239,546,382,313,239,440,509,590,275,425,275,411,534,287,592,483
25,226,179,210,168,141,216,220,130,220,213,130,227,141,223,213,210,190,196,227,210,216,168,105,125,227,0,225,163,141,213,209,221,223,174,141,220,196,224,191,184,221,146,146,227,196,205,223,220,146,152,202,179,146,225,136,146,224,146,227,227,213,202,209,191,213,220,157,226,191,196,136,205,223,217,223,216,168,157,227,191,227,163,213,163,227,130,225,223,227,179,220,184,205,213,136,227,226,130,120,227,159,120,210,130,223,146,224,225,227,201,205,227,213,130,120,216,179,157,120,201,220,216,136,201,136,190,225,141,191,213
26,6544,7046,6656,6796,6016,7046,5763,6185,7171,7046,5491,7345,6016,7017,6201,7356,4955,7307,6544,7378,7238,7150,4777,5491,6656,7307,0,6656,6016,7171,5669,7017,7307,6927,6506,7278,7171,7046,6796,7150,7278,6185,6185,6544,7307,7171,7238,6544,6656,6349,7356,7046,6185,5199,5844,6506,7171,6185,7378,6201,6544,7345,6927,6796,5844,7238,6506,7345,6796,7307,5844,6812,5199,5199,6349,7150,6796,6927,7380,7378,6201,6927,7345,6927,5763,5669,6812,6544,6812,7046,6812,7345,7380,7345,7150,5199,7345,6185,5313,6201,7046,5844,6506,5669,7018,6016,7017,5763,7356,5313,6656,6796,7018,5669,5313,7238,7046,6349,5313,6812,5763,7171,5844,7278,5844,7238,7307,6506,7356,7018
27,274,292,168,284,283,195,252,129,292,195,292,244,245,237,269,224,107,259,258,237,203,168,292,269,168,210,264,0,288,291,135,264,217,291,135,292,269,195,181,284,252,292,279,274,284,231,210,244,142,227,231,205,287,269,270,142,258,227,237,287,244,244,188,188,142,210,278,244,181,284,279,279,264,269,161,203,291,161,231,237,269,161,291,161,279,292,289,252,244,270,244,258,288,291,203,274,251,124,289,258,195,118,168,279,289,287,264,264,224,124,175,188,231,270,284,210,292,291,264,279,251,258,279,217,284,288,217,135,224,237
28,58,67,33,68,65,39,52,23,67,37,61,49,68,49,58,45,20,68,54,49,40,33,61,63,33,42,55,68,0,66,26,56,44,69,26,67,58,39,36,68,52,69,61,59,69,45,42,50,27,67,45,67,66,58,61,27,54,69,49,63,50,50,37,36,27,42,48,50,36,69,63,61,54,58,31,40,66,30,47,49,58,31,68,31,61,58,65,50,50,65,50,54,69,68,40,59,50,23,63,52,39,21,33,66,65,65,56,55,45,23,34,36,47,67,66,42,67,67,62,61,52,54,63,44,53,69,44,26,45,47
29,1221,1237,1008,1234,1161,1090,1237,830,966,1090,1090,1226,1161,1226,1097,1182,713,1203,1238,1214,1115,1008,979,1090,1008,1161,1203,1234,1182,0,830,1237,1161,1238,890,871,1097,1090,1037,1221,1234,1199,1199,1221,1203,1214,1139,1234,920,1199,1182,1237,1182,1232,1139,890,1238,1199,1214,1142,1234,1226,1064,1037,860,1139,1214,1226,1037,1176,1139,966,1221,1097,950,1115,1234,979,1199,1214,1232,979,966,979,1203,1139,1097,1238,1234,1237,1234,1176,1097,1039,1115,1221,1234,800,1064,1238,1090,771,979,1139,1097,1181,1237,1232,1182,771,1008,1037,1214,1139,1064,1139,1232,1214,1064,966,1237,1238,1139,1199,1139,1221,1161,860,1181,1226
30,210,124,194,113,89,233,176,81,176,163,81,205,89,182,164,229,205,140,205,229,244,113,62,77,226,225,188,113,94,163,0,215,182,118,89,170,140,241,205,129,215,94,94,199,140,152,176,176,94,98,244,124,94,188,85,89,215,94,199,199,163,233,157,205,191,176,103,210,199,140,85,152,182,170,205,237,113,103,199,240,205,108,164,108,205,81,188,182,194,124,176,129,152,164,215,199,210,81,73,194,215,73,188,81,182,89,215,188,194,172,152,232,164,81,73,244,124,98,73,146,176,225,85,140,85,134,188,89,233,164
31,7133,8573,8958,8238,7233,9131,9007,6796,9007,9131,6575,7675,7233,8875,9134,8686,7233,8958,7675,8099,9091,8238,5694,6575,8958,8875,8686,8238,7447,9131,8052,0,8875,8412,7233,9091,8958,9131,9104,8720,7133,7447,7447,8099,8958,9104,9007,9007,7447,7655,8686,8573,7447,8686,7016,7233,7133,7447,8099,8099,9131,7675,9134,9104,8412,9007,7655,7675,9104,8958,7016,9104,8875,9091,8849,9091,8238,7858,8431,8099,7675,8052,9131,8052,7675,6796,8686,8875,8431,8573,9007,8720,9104,9131,9091,8099,7675,6796,6354,8431,9131,6354,8958,6796,9007,7233,6435,8686,8686,7858,9044,9104,9131,6796,6354,9007,8573,7655,6354,9044,9091,6435,7016,8958,7016,8849,8875,7233,8686,9131
32,186,147,165,138,116,179,181,107,181,156,103,173,116,183,176,186,120,161,187,187,181,138,86,103,165,183,185,138,120,176,138,182,0,143,116,179,161,179,172,152,186,120,120,187,161,169,156,181,120,125,186,147,120,185,111,116,186,120,156,187,176,187,166,172,143,131,125,166,172,161,111,169,183,179,156,179,138,129,131,187,187,134,176,134,187,107,185,183,186,147,181,152,169,176,181,187,173,107,99,186,179,99,165,107,183,116,184,185,131,134,173,172,176,107,99,183,147,125,99,165,181,182,111,160,111,156,131,116,185,176
33,372,388,242,360,360,270,350,181,388,270,377,334,382,326,372,308,157,326,359,326,280,242,334,384,242,298,366,388,390,390,189,359,298,0,197,388,372,280,261,303,343,388,382,372,371,317,298,343,206,390,317,379,345,366,386,197,350,388,326,386,334,343,261,261,197,289,388,343,261,360,371,382,358,366,224,280,390,224,326,326,366,224,384,224,377,386,388,343,343,360,343,358,371,379,289,377,343,181,372,350,280,165,242,371,390,345,366,358,317,181,251,261,326,377,366,298,384,303,388,377,350,358,371,298,386,379,308,189,317,326
34,123,76,73,73,58,86,139,127,112,83,50,109,55,136,123,101,45,86,136,109,90,143,38,47,73,93,133,69,58,109,55,119,93,76,0,109,109,86,79,83,112,60,60,126,90,133,90,146,151,63,100,79,60,136,55,118,116,60,105,126,139,109,79,79,58,90,63,112,79,90,55,116,136,130,66,86,73,151,105,105,130,146,105,127,130,52,119,141,136,79,146,101,97,105,90,133,112,127,47,141,86,139,73,52,116,58,123,141,101,52,76,79,141,52,47,93,79,63,47,112,133,119,55,126,55,86,97,106,97,149
35,9890,10351,8716,10397,10075,9578,10397,7234,6270,9578,9578,10400,9929,10365,9890,10199,6237,9890,10351,10365,9761,8716,8479,9379,8716,10075,10256,10400,10075,7327,7234,10351,9929,10351,7487,0,9889,9578,9168,10105,10397,10199,10199,9889,9599,10199,9929,10400,7738,10297,10199,10351,10199,10105,9929,7738,10351,10199,10365,9222,10365,10400,9379,9168,7738,9761,10297,10400,9168,9599,9929,9222,10351,10105,8479,9761,10400,8479,10297,10365,10256,8479,7327,8479,9599,9761,8738,10400,10400,10351,10400,10256,8738,7327,9761,9889,10400,6982,9168,10397,9578,6732,8716,9761,8121,10075,10256,10351,10199,6982,8947,9168,10297,9761,9379,9929,10256,10297,9379,9599,10397,10351,9929,10075,9929,10105,10075,7487,10199,10297
36,72,70,51,68,60,57,72,48,71,57,55,68,60,72,60,64,35,72,73,68,60,60,48,55,51,63,71,67,60,65,41,71,63,69,51,69,0,57,53,71,69,63,63,72,72,72,60,73,53,64,64,70,63,72,58,53,70,63,67,73,73,68,55,53,43,60,66,68,53,72,58,56,72,65,48,58,68,57,66,67,73,58,71,58,73,57,73,73,72,70,73,50,73,72,58,72,68,48,53,73,57,45,50,57,72,63,71,72,64,38,51,53,72,58,53,60,70,66,53,56,72,70,58,70,58,72,63,51,64,72
37,209,150,202,144,120,199,196,110,196,188,106,208,115,199,184,206,208,170,207,206,162,144,84,101,162,206,199,139,120,184,206,209,199,150,120,192,165,0,207,160,209,124,124,207,165,180,196,196,124,124,176,150,124,202,110,120,209,124,207,205,188,203,184,207,203,192,129,208,207,169,115,175,199,192,185,193,139,134,205,193,207,134,188,134,208,110,199,199,202,150,192,160,175,188,209,205,208,110,97,205,209,101,202,110,196,120,209,202,202,209,175,146,188,110,101,146,155,129,97,175,192,206,110,170,115,160,199,115,203,188
38,290,203,270,189,155,293,263,142,264,251,136,287,148,269,244,292,217,224,283,291,292,189,107,136,275,245,269,182,155,244,244,292,269,196,155,257,217,290,0,210,292,161,161,283,217,238,264,264,161,168,291,196,161,275,142,155,290,161,283,279,251,291,244,270,251,264,168,287,228,224,148,231,269,257,269,292,182,175,279,288,283,175,251,175,287,142,275,269,275,196,263,210,231,251,245,279,287,142,124,279,205,130,270,142,264,155,292,275,275,231,231,283,251,142,130,293,203,168,124,231,257,292,148,224,148,210,269,148,284,251
39,636,630,435,505,639,497,609,329,630,482,646,584,646,584,636,557,288,456,619,584,513,435,584,648,435,528,628,630,639,639,343,619,528,505,358,630,636,497,466,0,609,599,646,642,544,557,528,597,373,630,557,574,617,636,648,358,619,648,584,648,584,597,482,466,373,513,617,597,466,544,639,646,619,636,419,513,639,403,571,584,628,419,617,419,646,648,648,596,596,505,597,619,574,599,513,642,596,329,642,609,497,301,435,645,645,630,628,619,557,329,450,466,571,642,628,528,617,599,648,646,609,619,639,543,648,574,543,358,557,571
40,652,700,762,668,577,777,777,540,777,777,540,688,577,773,775,739,615,742,716,688,773,668,447,521,762,755,766,668,596,775,684,606,773,684,577,777,742,777,775,730,0,596,596,717,742,762,773,773,596,615,739,700,596,755,559,596,468,596,739,739,775,652,769,775,700,777,633,688,775,742,559,762,773,777,753,773,668,650,739,717,716,650,775,650,716,540,766,773,755,700,777,715,762,775,773,739,688,540,502,739,777,521,762,540,773,596,547,755,755,668,762,775,777,540,502,766,700,633,502,753,777,547,559,753,559,730,766,577,739,777
41,75,86,44,68,84,51,69,31,86,49,86,64,84,64,75,60,27,86,71,64,54,44,73,80,44,56,73,87,87,84,33,71,56,87,35,86,75,51,47,81,66,0,79,77,87,60,56,66,36,87,60,86,86,75,86,35,71,86,64,80,64,66,49,47,36,56,87,66,47,87,84,79,71,75,42,54,84,40,62,64,73,42,87,42,79,86,82,66,66,81,66,71,87,87,54,77,66,31,83,69,51,28,44,83,83,86,73,71,60,31,46,47,62,83,80,56,86,87,80,79,69,71,84,58,87,87,58,35,60,62
42,58,62,33,65,59,40,53,24,66,38,55,49,58,49,58,46,21,67,55,49,41,33,46,55,33,43,56,64,59,65,25,55,43,66,27,66,58,40,36,67,52,61,0,59,65,48,43,51,28,62,46,67,61,58,58,27,55,61,49,63,51,51,38,36,28,43,62,52,36,67,58,61,55,58,32,41,53,31,48,49,58,32,67,32,61,56,64,53,52,67,51,55,67,67,41,59,53,24,53,53,40,22,33,56,64,59,56,56,46,24,35,36,48,56,53,43,64,62,53,61,53,55,58,44,58,66,44,27,46,48
43,13128,16286,15779,15779,14089,16644,15517,13312,15984,16644,12913,15984,14089,15517,16577,16731,12509,16754,11844,16333,16754,15779,11287,12913,15779,16805,14907,15779,14462,16577,13705,14907,16810,16049,14089,15984,16754,16644,16286,16644,15517,14820,14820,0,16754,16731,16810,15984,14462,14820,16731,16286,14462,14125,13705,14089,15517,14462,16577,13128,16333,15985,16286,16286,14089,16754,15161,15985,16286,16754,13705,16805,14907,16333,15161,16644,15779,15161,16577,16577,10136,15482,16577,15482,11844,13312,14907,15517,14907,16286,15985,16486,16805,16577,16754,13128,15984,13312,12509,14125,16644,12509,15779,13312,15517,14089,14125,14907,16731,13312,16049,16286,16577,13312,12509,16810,16286,14820,12509,16810,15985,14907,13705,16810,13705,16644,16805,14089,16731,16577
44,1559,1221,1126,1520,1559,1238,1516,865,1444,1238,1534,1469,1559,1441,1559,1379,761,1221,1534,1440,1311,1126,1410,1516,1126,1345,1549,1520,1565,1520,901,1534,1345,1488,938,1444,1559,1238,1164,1314,1494,1564,1520,1559,0,1410,1345,1494,975,1557,1410,1444,1564,1549,1559,938,1516,1564,1440,1557,1469,1494,1201,1201,975,1311,1557,1494,1201,943,1559,1564,1534,1559,1088,1311,1387,1050,1441,1440,1549,1088,1387,1050,1565,1549,1543,1494,1494,1444,1494,1534,1221,1314,1311,1565,1494,865,1494,1516,1275,795,1126,1549,1520,1565,1549,1534,1410,865,1164,1201,1441,1549,1516,1345,1102,1557,1494,1564,1516,1534,1559,1379,1559,1221,1379,938,1410,1440
45,26,21,19,20,17,21,21,21,26,21,15,25,17,26,26,24,13,24,26,25,22,25,12,15,19,24,25,20,17,26,15,26,24,20,22,26,26,21,20,21,26,17,18,26,24,0,22,23,24,18,24,21,17,25,16,22,26,17,25,26,17,25,20,20,16,22,18,26,20,24,16,26,24,26,18,21,20,24,25,25,26,25,25,25,26,15,26,25,26,21,23,25,24,25,21,25,26,21,14,25,21,20,18,15,26,17,26,24,24,14,20,20,25,15,14,24,21,18,14,26,25,26,16,15,16,22,24,22,24,25
46,331,254,285,246,206,312,317,191,322,307,183,316,198,322,306,329,214,277,332,332,317,238,147,176,285,326,326,238,206,306,238,328,278,254,198,317,277,312,299,270,331,214,214,332,285,292,0,322,214,214,329,254,206,329,191,206,332,214,294,331,312,332,323,300,254,294,222,307,300,285,191,292,322,317,277,317,238,230,258,332,332,230,306,230,332,191,326,322,329,254,317,262,292,312,317,331,307,183,168,329,312,176,285,191,322,206,328,329,307,230,328,300,312,191,168,322,262,222,168,292,317,328,191,285,198,270,258,198,329,312
47,657,609,581,581,502,634,527,645,676,622,453,676,486,567,657,669,421,645,567,676,645,676,373,453,581,655,598,566,502,674,486,667,655,595,655,676,676,634,609,622,673,518,518,643,645,598,655,0,663,534,669,609,518,567,486,663,673,518,674,657,527,676,609,609,502,645,534,676,595,645,486,673,567,643,550,634,581,676,674,674,623,676,674,676,623,469,667,527,567,609,407,669,655,674,634,598,676,634,437,527,634,622,581,469,676,502,667,475,663,453,595,609,475,469,437,655,609,534,437,676,598,673,486,643,486,622,655,655,663,475
48,72,45,43,43,34,52,82,86,66,49,30,64,33,80,72,60,27,51,80,64,54,80,23,28,43,56,78,41,34,64,33,70,56,45,86,64,64,51,47,49,66,36,36,74,54,78,56,85,0,38,60,47,36,80,33,86,68,36,62,74,81,66,47,47,34,54,38,66,47,54,33,68,80,76,39,51,43,86,62,62,76,68,62,84,76,31,70,82,80,47,85,60,58,62,54,78,66,86,28,82,51,85,43,31,68,34,72,82,60,31,45,47,82,31,28,56,47,38,28,68,78,70,33,74,33,51,58,86,58,86
49,67,75,39,72,72,45,61,29,75,45,75,57,74,56,67,52,25,74,64,56,48,39,74,68,39,50,65,58,74,73,30,64,50,76,32,75,67,45,43,74,59,76,70,67,75,54,48,59,33,0,54,64,73,65,58,32,61,70,56,71,57,59,43,43,32,48,70,59,43,75,71,70,64,65,36,48,74,36,56,56,65,38,76,36,68,75,72,59,59,67,59,63,76,76,48,68,59,29,76,61,46,26,39,71,73,73,65,63,54,29,41,43,56,75,76,50,76,75,67,68,61,64,71,50,67,76,52,32,54,56
50,541,466,557,440,373,530,551,346,551,540,333,549,373,555,532,493,532,501,554,467,434,440,282,333,541,493,555,440,373,532,555,530,555,453,373,546,490,467,554,478,530,387,387,554,501,522,551,551,387,400,0,466,387,557,360,373,541,387,554,554,540,467,532,554,557,551,400,549,554,501,360,523,555,546,549,513,440,414,557,335,549,427,540,414,549,346,557,555,557,466,551,478,512,540,530,554,541,346,307,557,541,320,557,346,551,373,530,557,557,546,512,513,540,346,320,392,466,400,320,512,546,493,360,501,360,478,555,373,467,540
51,401,409,267,367,410,298,382,201,409,298,414,364,394,356,401,337,175,323,389,356,308,267,410,396,267,327,396,291,403,414,210,389,327,403,219,412,401,298,277,367,374,409,410,401,383,346,317,374,229,347,346,0,414,396,394,219,382,367,356,413,364,374,287,287,219,317,383,374,287,367,410,410,389,396,248,308,414,248,356,356,396,248,403,248,406,412,414,374,374,323,374,389,383,394,317,406,374,201,413,382,308,184,267,406,414,413,396,389,346,201,277,287,356,403,412,327,403,414,396,406,382,389,410,327,412,394,337,210,346,356
52,681,776,402,791,476,455,627,291,776,455,756,588,714,569,681,531,250,781,645,588,493,402,588,702,402,512,664,776,756,756,305,645,512,702,320,776,681,474,437,753,607,784,714,681,791,550,493,608,336,767,550,792,0,664,729,320,627,743,569,729,588,607,437,437,336,493,776,608,437,791,665,714,645,681,385,493,767,368,569,588,664,385,784,368,698,729,743,607,608,791,607,645,792,789,493,698,608,291,776,627,474,263,402,702,756,618,664,645,550,291,419,437,569,698,664,512,784,476,731,714,627,645,557,531,743,792,531,320,550,569
53,3214,3652,3450,3523,3118,3706,2695,3291,3717,3706,2938,3773,3118,3392,3531,3826,2568,3788,3214,3808,3752,3752,2476,2846,3450,3788,2695,3523,3206,3808,2938,3637,3788,3590,3450,3717,3808,3706,3590,3752,3717,3291,3291,3214,3788,3637,3788,3214,3523,3291,3826,3652,3206,0,3029,3523,3717,3291,3825,3214,3214,3773,3590,3590,3029,3752,3372,3773,3590,3788,3029,3717,2695,3214,3291,3706,3523,3706,3825,3825,2987,3706,3808,3706,2987,2938,3531,3214,3214,3652,3214,3826,3826,3773,3752,2695,3773,3291,2754,2987,3706,3206,3450,3029,3637,3206,3531,2695,3826,2846,3523,3590,3531,3029,2754,3788,3652,3372,2754,3773,2987,3637,3029,3717,3029,3752,3813,3450,3826,3531
54,124,145,70,151,137,80,112,50,145,80,144,105,151,101,124,94,43,151,116,101,87,70,142,134,70,90,120,140,134,140,52,116,90,150,55,145,124,80,73,151,108,150,130,124,151,97,87,108,58,118,97,144,140,120,0,55,112,149,101,134,105,108,76,76,55,87,134,108,76,151,134,130,117,120,64,87,142,64,101,101,120,67,147,64,127,134,137,108,108,147,108,116,150,149,87,127,108,50,147,112,83,45,70,142,140,140,120,116,97,50,73,76,101,152,150,90,147,145,130,127,112,116,134,90,106,149,94,55,97,101
55,108,67,62,62,49,73,121,108,96,73,42,96,49,116,105,87,40,76,116,93,76,119,34,42,62,83,113,62,51,93,47,102,80,65,101,96,96,73,67,70,99,51,51,108,76,113,80,126,129,54,87,67,51,118,47,0,102,54,90,108,118,96,67,67,51,76,57,96,67,76,47,99,118,111,59,76,62,129,90,93,113,125,90,119,111,44,102,121,118,67,125,90,83,93,76,113,96,114,40,121,73,119,62,47,99,51,105,123,87,44,65,67,121,47,40,79,67,57,40,99,113,102,47,111,47,73,83,101,87,128
56,883,968,1031,926,807,1052,1047,756,1047,1048,756,970,807,1037,1052,1022,832,1019,932,970,1051,926,630,731,1031,1037,1022,926,832,1052,926,820,1047,947,807,1047,1019,1052,1041,1003,633,856,856,970,1018,1041,1051,1047,832,856,1022,968,832,1022,782,832,0,832,999,970,1051,932,1041,1041,947,1051,880,932,1041,1018,782,1041,1037,1051,1003,1051,926,904,1022,970,932,904,1052,904,932,756,1022,1022,999,968,1047,986,1041,1052,1051,970,932,756,705,970,1052,731,1019,756,1037,807,633,999,1037,880,1019,1041,1051,756,705,1047,968,880,705,1031,1047,820,782,1031,782,1003,1047,807,1022,1051
57,356,405,210,413,381,247,326,152,405,247,405,317,290,307,356,287,130,408,336,307,257,210,408,356,210,267,346,322,413,400,159,336,267,412,167,405,356,247,228,413,317,409,373,356,413,287,267,317,175,382,287,367,388,356,408,175,326,0,307,388,317,317,237,228,175,267,411,317,228,413,373,373,336,356,201,257,400,201,297,307,356,201,412,201,373,409,395,317,317,408,317,336,413,412,257,365,317,152,395,326,247,137,210,365,395,388,346,347,287,152,219,228,297,322,367,267,409,400,347,373,326,336,373,277,413,413,277,167,287,297
58,1144,1034,1129,980,836,1191,1199,778,1199,1144,749,1010,836,1203,1166,1197,865,1108,1169,1169,1199,980,638,749,1129,1203,1203,980,865,1180,980,1067,1010,1008,836,1199,1108,1191,1166,1085,1144,894,894,1186,1108,1149,1067,1199,865,894,1197,1034,865,1203,807,836,1144,894,0,1186,1180,1169,1186,1166,1008,1111,894,847,1149,1108,807,1149,1203,1191,1085,1191,980,923,847,1186,1169,952,1180,952,1169,778,1203,1203,1203,1035,1199,1061,1129,1180,1191,1186,939,778,721,1197,1191,721,1108,778,1199,836,1111,1203,847,923,1197,1166,1180,778,721,1203,1035,894,721,1129,1191,1111,807,1108,807,1061,1010,836,1203,1180
59,75941,96913,91276,95361,87703,95361,89759,77009,81709,95361,81502,94477,87703,95887,94477,97209,70007,96777,86231,95887,96275,89559,72360,81502,91277,97239,81709,95361,89559,89759,79281,86231,97239,96275,81502,86231,97209,95361,92833,97239,92466,89559,91276,75941,96777,96777,96913,94477,83657,91277,96777,96913,89559,81709,85730,81502,89759,91277,95887,0,94477,94477,94204,94204,81502,96913,92833,92466,92833,96777,85730,96777,86231,89759,87703,96275,95361,87703,95887,95887,81709,87703,89759,87703,68513,83657,68513,92466,94477,96913,94477,96913,94477,89759,96275,68513,92466,74698,79281,89759,96275,72360,91276,83657,75941,87703,86231,86231,97209,74698,92833,94204,96777,83657,79281,97239,96913,91276,79281,96777,89759,89759,85730,97239,85730,97209,97239,79281,97209,95887
60,286,255,236,242,208,261,204,255,290,255,187,287,208,276,282,281,166,272,276,287,267,287,160,187,236,272,256,242,215,289,194,290,272,249,266,289,290,261,249,261,289,215,222,282,272,204,272,226,272,222,281,255,215,243,201,267,290,222,284,282,0,287,249,249,201,267,229,289,249,272,201,289,226,276,222,261,242,281,284,284,282,284,287,284,276,194,289,268,276,255,226,287,281,287,266,268,289,255,180,256,261,242,236,194,290,208,290,243,281,180,242,249,256,194,180,272,255,229,180,290,256,290,201,226,201,267,277,267,277,256
61,7393,7350,8336,6988,6204,8101,8338,5800,8338,8310,5598,7696,6002,8336,8256,7006,7350,7827,7929,5874,7929,6988,4613,5397,8336,7393,8299,6988,6204,8256,7960,7006,8336,7350,6002,8338,7827,8101,8299,7679,7006,6404,6404,7929,7960,8078,8336,8338,6404,6603,7006,7520,6404,8222,6002,6204,7393,6404,8101,8101,8256,0,8256,8299,8078,8336,6603,7696,8299,7960,6002,8078,8299,8338,8310,7929,6988,6797,8101,5874,7929,6797,8310,6797,7697,5800,8222,8299,8222,7350,8336,7679,8078,8310,7929,8101,7696,5598,5197,8101,8101,5397,8338,5800,8336,6204,7006,8222,8222,7679,8078,8299,8310,5800,5397,7696,7520,6603,5197,8078,8338,5874,6002,7960,6002,7679,8299,6002,7006,8310
62,72,50,57,46,38,64,66,35,66,43,35,73,38,67,63,70,40,55,72,72,66,46,28,33,57,67,69,46,40,63,46,73,65,48,38,66,55,64,61,54,72,41,41,71,55,60,71,66,40,41,70,50,40,69,36,38,72,41,72,71,63,72,0,61,48,56,43,72,61,55,36,60,67,64,54,64,46,43,67,71,72,45,63,45,72,35,69,67,70,50,66,52,60,63,66,71,73,35,32,70,64,32,58,35,67,38,73,69,70,45,43,61,63,35,32,67,50,41,32,57,66,73,36,55,36,54,67,38,69,63
63,311,217,244,202,166,314,283,152,283,269,145,308,166,289,262,312,233,240,304,312,314,202,121,145,299,263,289,202,166,262,262,313,289,210,166,276,233,311,290,225,313,173,173,304,240,255,282,283,173,180,312,217,173,294,159,166,311,173,304,304,269,312,262,0,269,283,180,308,290,240,159,255,289,276,289,314,202,187,299,305,308,195,269,187,308,152,294,289,294,217,283,225,247,269,244,304,311,152,139,299,263,139,290,152,283,166,313,294,294,247,247,304,269,152,139,314,217,180,139,247,276,314,159,240,159,225,289,166,305,269
64,138,83,128,76,60,152,117,54,117,108,54,135,60,121,108,150,149,93,135,150,157,76,42,52,132,147,124,76,63,108,123,145,121,79,60,117,93,152,135,90,142,66,66,132,97,101,121,117,63,66,157,83,66,124,57,63,142,66,132,132,108,152,105,135,0,117,69,138,135,93,57,101,121,113,123,154,76,72,132,155,135,72,109,72,135,54,124,121,128,83,117,86,101,108,145,132,138,54,49,128,142,49,128,54,121,63,142,124,128,132,101,145,109,54,49,156,83,69,49,97,117,147,57,97,57,90,124,60,152,108
65,381,292,327,273,228,351,364,210,364,268,201,362,228,369,344,374,237,318,381,380,364,273,169,201,327,369,374,273,237,351,273,376,268,283,228,358,318,351,344,301,381,246,246,380,318,335,337,364,237,246,377,292,237,374,219,228,381,246,352,380,351,381,297,344,283,0,246,352,335,318,219,335,369,358,310,358,273,255,297,380,381,264,351,264,381,210,374,369,377,292,364,301,335,351,358,380,362,210,193,377,358,193,327,210,364,228,379,374,319,255,319,343,351,210,193,369,292,246,193,327,358,379,219,318,219,310,297,228,374,351
66,152,168,89,156,164,104,141,68,168,104,150,133,169,129,152,121,59,164,141,129,109,89,156,156,89,117,149,161,118,166,71,141,113,168,71,167,152,104,97,161,137,168,156,152,168,121,113,133,74,156,121,156,166,149,150,74,141,168,125,161,133,133,101,97,74,109,0,137,97,168,161,159,144,149,85,109,166,85,129,129,149,85,169,85,156,141,164,137,133,141,133,144,168,169,109,156,137,65,156,141,109,62,89,161,164,166,144,145,121,65,93,101,125,168,166,117,168,168,152,156,137,141,161,117,131,169,117,71,121,129
67,8277,8418,9043,8030,6946,9303,9332,6493,9332,9069,6267,6576,6946,9290,9242,9205,7170,8912,8877,8877,9335,8030,5379,6267,9043,9290,9290,7823,6946,9242,8030,7843,8277,8229,6946,9335,8761,9303,9154,8597,8277,7170,7170,8877,8912,9154,8616,9332,7170,7392,9205,8418,7170,9205,6720,6946,8277,7170,6576,8877,9303,8616,9205,9154,8229,8616,7610,0,9154,8912,6493,9043,9290,9335,8762,9335,7823,7610,7289,8877,8877,7823,9242,7610,8616,6493,9290,9332,9205,8229,9335,8597,9043,9303,9335,9069,6576,6493,5819,9069,9303,6042,8912,6493,9332,6946,7843,9205,7843,7610,9332,9154,9303,6493,6042,9332,8418,7392,5819,9043,9335,7843,6493,8912,6720,8597,8277,6946,9205,9303
68,192,129,179,124,102,194,175,94,175,166,89,190,98,175,161,194,138,143,188,194,194,120,71,85,182,162,178,120,102,161,157,193,178,129,102,170,143,192,150,138,193,106,106,188,148,152,175,170,106,111,193,134,106,182,98,102,192,106,185,185,166,193,161,179,166,171,111,190,0,148,94,152,175,170,178,194,120,115,185,191,188,115,161,115,190,94,178,175,182,129,170,134,152,166,162,185,190,89,82,185,136,85,179,94,175,102,193,182,182,152,152,188,166,94,85,194,134,111,82,152,170,194,94,148,98,138,178,98,188,166
69,2485,2094,1794,2371,2494,2032,2416,1379,2301,1974,2445,2341,2485,2340,2485,2248,1214,1947,2445,2340,2089,1794,2248,2416,1794,2144,2469,2423,2494,2371,1436,2445,2144,2301,1495,2301,2485,2032,1915,2094,2381,2493,2482,2485,1503,2248,2144,2381,1554,2482,2248,2210,2493,2469,2485,1495,2416,2493,2296,2482,2340,2381,1915,1915,1495,2089,2482,2381,1915,0,2485,2493,2445,2485,1734,2089,2301,1674,2296,2340,2485,1734,2094,1734,2493,2469,2423,2381,2381,2210,2381,2445,1947,2094,2089,2494,2381,1379,2416,2416,2032,1268,1794,2469,2423,2494,2469,2469,2248,1379,1855,1915,2296,2469,2416,2144,2094,2482,2416,2493,2416,2445,2485,2198,2485,1503,2198,1495,2248,2296
70,45,53,25,55,38,29,41,18,53,29,55,38,48,36,45,34,15,56,43,36,31,25,38,47,25,33,44,53,51,51,19,43,33,53,20,53,45,30,28,55,40,54,48,45,55,35,31,40,21,52,35,55,47,44,49,20,41,50,36,49,38,40,28,28,20,31,53,38,26,55,0,48,43,45,24,31,52,23,36,36,44,24,54,23,47,54,50,40,40,55,39,43,55,55,31,47,40,18,55,41,30,16,25,38,51,33,44,43,35,18,26,28,36,47,44,33,54,49,47,48,41,43,47,34,51,55,34,20,35,36
71,3927,3889,3016,3805,3462,3291,3816,2827,3625,3291,3202,3805,3462,3928,2767,3617,2084,3927,3909,3750,3378,3462,2827,3202,3016,3542,3625,3750,3462,3067,2448,3915,3542,3852,3016,3482,3067,3291,3110,3915,3852,3542,3542,3927,3927,3928,3462,3909,3110,3617,3687,3889,3542,3816,3378,3016,3889,3542,3750,3909,3909,3805,3202,3202,2542,3462,3686,3805,3110,3927,3378,0,3735,3067,2827,3378,3805,3291,3687,3750,3927,3378,3625,3378,3873,3291,3873,3909,3927,3889,3909,3482,3873,3735,3378,3816,3805,2827,3110,3873,3291,2637,2922,3291,3816,3542,3915,3816,3617,2263,3016,3110,3928,3291,3110,3462,3889,3687,3110,2368,3816,3889,3378,3889,3378,3928,3542,3016,3617,3928
72,9967,10135,9519,9739,8550,10135,7607,9519,10647,10135,7773,10794,8550,9574,9574,10690,6989,10589,9072,10794,10460,10589,6730,7773,9519,10589,7607,9738,8550,10647,8034,10491,10589,9945,9739,10746,10647,10308,9945,10308,10746,8803,8803,9574,10589,9967,10460,9072,9945,9049,10761,10135,8803,7607,8294,9945,10647,8803,10797,9574,8432,10746,9945,9945,8294,10460,9288,10746,9739,10589,8294,10267,0,8432,9049,10308,9738,10460,10797,10797,9574,10460,10794,10460,9072,8034,10267,9072,9072,10135,9072,10794,10761,10794,10308,8432,10746,9288,7511,8432,10135,9049,9288,8034,10491,8550,10491,7607,10690,7511,9519,9945,9967,8034,7511,10589,10135,9049,7511,10491,7607,10647,8294,10267,8294,10460,10589,9738,10690,9967
73,366,367,321,353,313,353,340,313,379,353,294,384,313,374,231,377,230,381,366,383,361,361,248,285,321,367,270,353,321,340,267,383,367,361,330,374,340,353,338,377,384,330,330,374,383,379,367,366,338,330,377,367,330,322,304,330,384,330,381,354,366,384,338,338,276,361,338,384,338,383,313,299,299,0,304,353,353,353,381,381,366,353,374,353,354,304,379,354,366,367,366,366,384,383,361,322,384,304,276,354,353,294,321,304,383,321,383,322,377,257,330,338,379,304,285,367,372,338,276,322,340,383,313,383,313,377,372,321,372,374
74,195,124,183,114,92,207,170,84,170,164,84,191,92,174,159,206,202,139,191,206,205,114,65,80,124,204,179,114,96,159,175,201,174,119,92,170,139,184,191,134,201,100,100,187,144,149,174,169,96,100,205,124,100,179,88,96,198,100,187,187,159,207,154,191,161,170,105,195,191,144,92,149,174,164,0,208,114,110,187,208,191,110,159,110,191,84,179,174,183,124,170,129,149,159,201,187,195,84,76,183,198,76,183,84,174,96,198,179,183,192,149,161,159,84,76,198,124,105,76,144,170,204,88,144,88,134,179,92,207,159
75,278,206,277,192,159,195,261,153,261,256,147,278,159,265,251,270,250,226,277,270,216,192,117,141,277,264,269,192,166,250,269,277,265,199,159,261,226,257,278,219,277,172,172,275,232,238,265,261,166,179,257,206,172,269,159,166,278,172,275,275,250,264,244,278,273,261,179,278,278,232,159,238,265,256,278,0,192,186,275,257,277,186,251,186,277,147,269,265,273,206,261,213,238,256,270,275,278,147,135,273,274,141,277,153,265,166,278,269,273,261,238,270,250,153,135,245,206,179,135,238,261,274,153,232,153,219,269,159,216,256
76,414,310,264,440,414,295,389,196,441,295,398,369,414,359,414,338,170,429,398,359,306,264,349,389,264,327,406,440,421,440,205,398,327,441,214,441,414,295,274,435,380,427,344,414,391,349,317,380,224,433,349,441,427,406,414,214,389,427,359,433,369,369,285,285,214,317,433,369,274,407,414,427,398,406,243,306,0,243,359,359,406,243,439,243,421,406,437,380,380,441,380,398,429,435,317,421,380,196,380,389,306,178,264,406,440,421,406,398,349,196,274,285,359,406,389,327,344,433,380,421,389,398,406,338,414,407,338,214,349,359
77,0,0,0,0,0,0,0,0,0,0,0,0,0,0,0,0,0,0,0,0,0,0,0,0,0,0,0,0,0,0,0,0,0,0,0,0,0,0,0,0,0,0,0,0,0,0,0,0,0,0,0,0,0,0,0,0,0,0,0,0,0,0,0,0,0,0,0,0,0,0,0,0,0,0,0,0,0,0,0,0,0,0,0,0,0,0,0,0,0,0,0,0,0,0,0,0,0,0,0,0,0,0,0,0,0,0,0,0,0,0,0,0,0,0,0,0,0,0,0,0,0,0,0,0,0,0,0,0,0,0
78,1918,1734,1893,1644,1402,1978,2010,1305,2010,1788,1257,1694,1402,2017,1954,2016,1451,1857,1989,1989,1997,1644,1070,1257,1893,2017,2017,1596,1402,1954,1644,1862,1420,1690,1402,1997,1818,1978,1926,1777,1918,1451,1451,1989,1858,1926,1574,2010,1451,1500,2016,1734,1451,2016,1353,1402,1960,1451,1420,1989,1978,1960,1862,1926,1690,1574,1548,1574,1926,1858,1353,1893,2017,1997,1818,1997,1644,1548,0,1989,1989,1548,1978,1548,1960,1305,2016,2017,2016,1690,2010,1777,1893,1978,1997,1989,1574,1305,1162,2007,1978,1209,1858,1305,2010,1402,1862,2016,1694,1548,1960,1954,1978,1305,1209,2010,1734,1500,1162,1893,1997,1862,1353,1858,1353,1777,1420,1402,2016,1978
79,707,639,740,606,517,707,742,481,742,730,481,723,517,744,730,580,684,684,723,580,624,606,394,463,734,624,744,606,535,730,730,659,744,623,517,742,684,686,734,670,686,553,553,734,684,710,744,742,535,553,448,639,553,744,499,535,686,553,734,734,730,523,721,723,737,742,571,707,734,697,499,710,744,737,744,686,606,571,734,0,723,588,730,588,723,481,744,744,740,639,742,655,710,730,686,734,707,481,445,740,707,445,744,481,744,535,686,744,740,709,710,707,730,481,445,580,639,571,445,697,742,624,499,697,499,670,744,517,580,730
80,6355,7222,7222,6967,6167,7489,6983,6339,7350,7489,5628,7193,6167,6707,7459,7528,5628,7489,4560,7350,7539,7222,4896,5628,7222,7562,6355,6966,6339,7528,6339,6355,7562,7101,6507,7459,7564,7489,7328,7328,6983,6339,6507,4560,7489,7528,7564,6983,6668,6507,7459,7222,6339,5907,5990,6668,6707,6507,7350,6355,7350,7193,7418,7418,6507,7564,6668,7193,7328,7539,5990,7562,6707,7193,6967,7539,6967,7101,7459,7350,0,7101,7528,7101,5907,5810,6983,6707,5907,7222,6983,7489,7564,7528,7539,5907,7193,6167,5445,5907,7489,5990,7101,5810,7193,6167,6355,6355,7528,5990,7222,7328,7350,5810,5445,7564,7222,6507,5445,7562,6983,6707,5990,7562,5990,7418,7562,6507,7528,7350
81,108,71,68,65,53,77,117,119,100,77,48,98,53,116,108,89,43,79,116,98,79,93,37,46,68,86,112,65,55,95,53,105,86,68,116,98,98,77,71,77,100,57,57,110,82,114,82,120,93,60,92,71,57,116,53,116,103,57,95,108,117,98,74,74,55,82,60,100,71,82,53,103,116,110,63,79,65,116,92,95,112,0,95,106,112,50,105,117,116,71,119,92,86,95,79,112,100,120,43,117,77,120,65,50,100,55,105,118,89,48,68,74,118,50,46,82,74,60,43,100,112,103,53,110,53,77,86,118,89,119
82,2117,2086,1750,2137,2106,1892,2147,1389,1676,1892,2014,2126,2106,2106,2086,2049,1237,1903,2146,2106,1977,1750,1846,2014,1750,2014,2137,2137,2126,1676,1441,2146,2014,2117,1493,1512,2086,1936,1846,2041,2140,2140,2140,2117,1903,2079,1977,2140,1545,2140,2079,2086,2126,2137,2079,1493,2147,2140,2106,1981,2126,2140,1846,1846,1493,1977,2147,2126,1799,1803,2079,1981,2146,2086,1648,1936,2137,1648,2106,2106,2137,1699,0,1648,2086,2049,1903,2140,2140,2086,2126,2137,1512,1676,1977,2086,2140,1389,1977,2147,1936,1287,1750,2079,1903,2126,2146,2146,2079,1389,1799,1846,2106,2079,1977,2014,2086,2147,1977,1981,2140,2146,2079,2014,2079,1981,2049,1493,2049,2106
83,593,393,378,363,292,424,644,638,536,424,266,536,292,636,593,489,241,440,627,520,440,513,208,253,378,473,617,363,305,520,292,579,473,378,552,536,536,424,393,424,551,319,319,605,440,627,457,657,638,319,489,393,305,636,279,606,565,319,520,593,644,536,409,393,305,457,333,536,393,457,279,565,636,605,348,440,363,638,505,520,617,583,505,0,617,279,565,644,636,393,655,505,473,520,440,617,536,638,241,644,424,654,363,279,551,305,579,650,489,266,378,393,650,279,253,457,409,333,241,551,617,565,279,605,292,424,473,606,489,654
84,20920,29119,28347,28347,25544,29593,26330,24208,27408,29398,23514,28235,25544,28849,28235,29280,22095,29692,24950,28235,29692,28347,20656,23514,28347,29683,23188,28347,26177,28849,24886,24950,29683,28765,25544,27408,29683,29593,29119,29593,27408,26780,26780,20920,29692,29280,29692,27408,26177,26780,29280,29119,26177,23188,24886,25544,26330,26780,28849,20920,28235,27408,29119,29119,25544,29692,27347,27409,29119,29683,24886,29280,24950,27408,27347,29593,28347,27347,28849,28849,23188,27872,28849,27872,0,24208,24950,27408,28235,29119,27409,29593,29551,28849,29692,17903,27408,24208,22809,26330,29593,22809,28347,24208,26330,25544,24950,24950,29280,23514,28765,29119,28849,24208,22809,29683,29119,27347,22809,29551,26330,26330,24886,29683,24886,29593,29551,25544,29551,28849
85,418,496,234,528,504,280,379,167,496,268,371,354,512,354,418,328,143,528,392,354,291,234,443,512,234,304,406,528,444,486,176,392,304,523,185,496,418,280,256,528,367,523,443,418,523,328,304,367,194,521,328,526,486,406,468,185,379,523,341,454,354,367,256,256,185,291,444,367,256,523,512,443,393,418,214,280,486,214,341,341,406,224,504,224,431,0,466,367,367,521,367,393,518,512,291,431,367,167,413,379,280,150,234,523,476,512,406,393,328,167,245,256,341,504,486,304,504,496,504,443,379,393,496,316,413,518,316,185,328,341
86,13623,15363,13855,15210,14148,14666,14926,11431,11997,14667,13216,15290,14148,15358,15290,15311,10315,15149,14608,15358,15066,13855,11801,13216,13855,15210,14180,15210,14420,13623,11801,14608,15210,15311,12166,12908,15358,14666,14420,15358,15149,14420,14667,13623,15149,15363,15066,15149,12525,14667,15363,15363,14420,14180,13855,12166,14926,14666,15358,10824,15290,15149,14420,14420,12166,15066,14883,15290,14148,14926,13855,15149,14608,15149,13216,14883,15210,13216,15358,15358,14180,13543,13623,13216,12908,13543,0,15149,15149,15363,15149,15363,14608,13623,15066,12908,15149,11431,12876,14926,14883,10687,13855,13543,10824,14420,14180,14608,15363,11431,14148,14420,15358,13855,12876,15210,15363,14883,12876,15149,14926,14608,13855,15210,13855,15290,15311,12166,15363,15358
87,142,131,128,125,108,138,122,131,146,138,98,146,108,102,142,145,94,140,122,147,142,145,84,98,128,144,129,125,108,147,108,142,144,128,138,147,147,140,134,134,146,112,115,135,140,142,142,114,140,115,146,131,112,122,105,138,142,112,147,139,135,146,134,134,112,142,119,146,131,140,105,146,122,135,122,140,125,144,147,147,129,144,146,144,135,101,144,0,114,131,114,145,144,146,140,129,146,128,94,102,138,125,125,101,146,108,142,102,145,101,128,131,129,101,94,142,131,115,94,146,129,144,105,144,105,138,144,134,145,122
88,808,772,806,753,651,849,776,772,876,849,588,864,630,617,864,877,609,823,617,872,860,860,484,567,806,874,808,734,651,874,693,808,874,772,790,877,874,849,823,806,852,672,672,776,837,864,868,736,806,693,877,790,672,736,630,806,834,672,876,852,834,864,837,823,714,868,693,864,823,837,630,876,736,834,772,860,753,849,876,872,684,849,874,849,834,609,864,684,0,772,736,860,849,874,860,809,864,753,546,528,849,734,790,609,876,651,808,617,877,651,806,823,808,609,567,868,790,693,546,876,809,834,609,876,630,806,874,790,877,808
89,246,250,164,178,254,182,234,123,250,182,253,223,254,218,246,206,107,197,238,218,188,164,238,249,164,200,243,234,242,254,128,238,200,234,134,253,246,182,170,197,229,234,251,246,234,212,194,229,140,225,212,197,254,243,247,134,234,250,218,253,223,223,176,176,134,194,213,223,170,225,253,251,238,243,152,188,254,152,212,218,243,152,247,152,249,250,254,229,223,0,229,238,234,242,194,249,229,123,254,234,188,112,164,253,254,254,243,238,212,123,170,176,218,254,251,200,247,250,246,249,234,238,253,200,247,242,206,134,212,218
90,879,797,778,758,651,833,706,849,905,833,607,905,651,760,879,888,563,849,802,902,864,905,500,585,778,877,834,758,673,902,651,892,877,797,877,905,905,833,815,833,905,694,694,860,864,802,864,545,888,716,896,815,694,760,651,877,901,694,902,879,706,905,815,815,673,864,716,905,797,864,651,901,760,860,737,849,778,902,902,902,834,902,896,902,834,629,892,706,760,815,0,896,877,902,849,834,905,849,563,706,833,815,758,629,905,673,892,637,888,607,778,797,637,629,585,864,815,716,563,905,834,901,629,860,651,833,877,864,888,637
91,53,51,36,49,42,40,54,33,54,40,38,49,42,53,50,46,23,53,54,49,42,42,33,38,36,43,54,47,42,52,28,52,43,50,36,54,37,41,38,52,50,43,43,53,53,53,42,54,37,45,46,51,43,54,41,37,51,43,48,54,54,50,38,38,29,42,46,50,37,53,41,48,54,52,33,41,49,41,48,47,54,41,54,41,54,40,54,54,53,51,54,0,54,54,41,54,49,33,37,54,40,30,34,40,54,43,52,54,45,26,36,37,53,40,37,42,51,46,37,48,54,51,41,51,41,53,43,36,45,53
92,1219,1125,936,1185,1215,1021,1207,731,1024,1021,1181,1181,1215,1164,1219,1122,646,951,1207,1164,1048,907,1074,1181,936,1099,1219,1202,1215,1080,759,1215,1099,1160,789,1024,1219,1021,965,1080,1196,1219,1219,1219,951,1145,1074,1181,818,1219,1122,1125,1219,1219,1207,789,1207,1219,1145,1185,1181,1181,993,965,789,1074,1214,1181,965,951,1207,1202,1215,1219,877,1048,1185,877,1145,1164,1219,877,858,877,1214,1196,1160,1196,1181,1125,1181,1215,0,858,1048,1214,1196,702,1164,1207,1021,674,907,1196,1160,1219,1215,1215,1122,702,936,993,1144,1196,1164,1099,1125,1214,1164,1202,1196,1207,1207,1099,1207,1024,1099,759,1122,1164
93,3160,3046,2612,3160,3173,2889,3205,2074,2257,2889,3058,3173,3173,3173,3160,3104,1846,2692,3204,3173,2951,2612,2756,3058,2612,3007,3189,3189,3173,2692,2151,3204,3007,3113,2229,2257,3160,2889,2756,2957,3194,3194,3194,3160,2692,3104,3007,3194,2306,3205,3104,3046,3194,3160,3142,2306,3205,3194,3143,2957,3173,3194,2756,2756,2229,2951,3204,3194,2756,2692,3143,3046,3204,3189,2461,2951,3160,2461,3143,3143,3189,2537,2502,2537,3113,3104,2841,3194,3194,3046,3194,3204,2257,0,2951,3113,3194,2074,3007,3205,2889,1921,2612,3104,2692,3173,3189,3204,3104,2074,2685,2756,3143,3104,3007,3007,3046,3205,3007,3113,3205,3204,3143,3058,3142,2841,3058,2229,3104,3143
94,2348,1747,2168,1690,1408,2316,2242,1299,2242,2162,1246,2348,1353,2242,2117,2282,1859,1914,2340,2282,2316,1633,998,1194,2303,1415,2275,1633,1408,2117,2069,2337,2275,1747,1408,2204,1914,2348,1972,1859,2337,1463,1463,2340,1967,2019,2242,2204,1463,1519,2233,1803,1463,2303,1353,1408,2348,1463,2325,2325,2162,2233,2117,1833,2162,2204,1519,2348,1972,1967,1353,2019,2242,2204,2275,2282,1690,1576,2325,2168,2340,1576,2163,1576,2348,1299,2303,2242,2303,1803,2204,1803,2019,2162,0,2325,2348,1246,1143,2325,1654,1194,2168,1299,2242,1408,2337,2303,2303,2019,2019,2340,2163,1299,1194,2316,1803,1519,1143,2019,2204,2282,1299,1967,1353,1859,2275,1353,2081,2163
95,23836,29933,28651,29139,26258,29933,25647,25582,28174,29933,24172,29655,26258,29024,28175,30513,21974,30522,25647,30098,30420,29569,21233,24172,28651,30522,21505,28651,26258,30098,24885,27066,30522,29569,26909,29024,30377,29933,29139,30220,29024,26909,26909,23836,30522,29655,30420,27066,27528,27528,30377,29933,26909,21505,25582,26909,28174,26909,30098,21505,28174,29655,29569,29569,25582,30420,28111,29655,29139,30522,25582,29655,23836,25647,27528,30220,29139,28651,30098,30098,23836,28651,29655,28651,18403,24885,25647,27066,28174,29933,28174,30522,30377,29655,30220,0,29024,25582,23446,25647,29933,24172,28111,24885,27066,26909,27066,23836,30513,23446,28651,29569,29655,24885,23446,30522,29933,28111,23446,29655,25647,28174,25582,30377,25582,30420,30522,26258,30513,29024
96,1544,1570,1688,1498,1296,1736,1742,1211,1742,1693,1169,1050,1296,1734,1725,1718,1337,1663,1657,1657,1742,1498,1003,1169,1688,1734,1734,1498,1296,1736,1498,1463,1607,1535,1296,1742,1634,1736,1708,1604,1544,1337,1379,1657,1663,1708,1607,1742,1337,1379,1693,1570,1337,1718,1253,1296,1544,1337,1360,1657,1736,1607,1734,1725,1535,1657,1420,1227,1708,1663,1253,1688,1734,1742,1634,1742,1498,1420,1360,1657,1657,1459,1736,1420,1607,1211,1718,1742,1718,1570,1742,1570,1708,1736,1742,1657,0,1211,1127,1693,1736,1127,1663,1211,1742,1296,1463,1718,1544,1420,1742,1725,1736,1211,1127,1734,1570,1379,1127,1688,1742,1463,1253,1663,1253,1604,1544,1296,1718,1736
97,13,7,7,6,5,8,15,13,12,8,4,11,5,15,13,10,4,8,15,11,9,17,3,4,7,9,14,6,5,11,5,13,9,7,14,11,11,8,7,8,12,5,5,13,9,14,9,16,17,6,11,7,5,15,5,15,12,5,11,13,15,11,7,7,5,9,6,12,7,9,5,12,15,13,6,8,7,17,11,11,14,17,11,16,14,5,13,15,15,7,16,11,9,11,8,14,12,0,4,15,8,15,7,5,12,5,13,15,11,4,7,7,15,5,4,10,7,6,4,12,14,12,5,13,5,8,9,12,10,16
98,105,128,57,141,140,65,95,40,128,65,100,87,133,84,105,78,34,140,99,84,68,57,112,141,57,74,102,140,131,122,42,99,74,135,44,125,105,65,59,140,91,135,112,105,135,81,71,91,47,141,78,141,139,102,138,44,95,135,84,115,87,87,62,62,44,71,131,87,59,137,141,112,99,102,51,68,122,51,81,84,102,51,130,51,109,111,119,91,87,141,87,99,135,133,68,109,91,40,0,95,68,36,57,141,122,141,102,99,81,40,59,62,84,128,122,74,130,137,141,109,95,99,139,74,131,133,78,42,81,84
99,4743,4732,4732,4529,3946,5039,4012,4634,5114,4978,3574,5067,3946,4012,4886,5137,3574,4978,3098,5067,5087,5087,3081,3574,4732,5121,4317,4529,3946,5138,4069,4743,5121,4634,4823,5137,5137,5039,4906,4823,4886,4069,4069,4317,4978,4992,5087,4012,4906,4189,5137,4732,4069,4012,3823,4823,4743,4069,5114,4743,4556,4992,4906,4906,4189,5087,4306,4992,4906,4978,3823,5067,4012,4743,4529,5039,4529,5039,5114,5114,4012,5039,5138,5039,4556,3699,4992,3620,3098,4732,4012,5121,5087,5138,5087,4317,4992,4529,3449,0,5039,4420,4732,3574,5114,3946,4556,3620,5137,3823,4823,4906,4743,3574,3326,5121,4634,4189,3326,5137,4556,4743,3699,5114,3699,4823,5138,4732,5138,4556
100,475,353,398,330,273,473,446,251,446,428,241,473,262,453,419,468,375,386,470,461,468,330,192,241,460,334,453,318,273,419,419,475,453,341,273,437,375,475,334,364,475,284,284,470,386,408,446,446,284,295,461,353,284,460,262,273,475,284,470,470,428,461,419,398,428,446,307,473,334,386,262,397,446,437,453,468,330,307,466,452,470,307,428,307,473,251,460,446,460,353,437,353,397,428,334,466,473,251,231,466,0,231,398,251,446,273,475,460,460,397,397,470,428,251,231,473,353,295,220,397,437,468,262,386,262,364,453,262,438,428
101,48,29,26,26,21,32,58,47,44,32,18,44,21,55,48,38,16,33,55,42,33,67,14,18,26,35,53,26,21,42,20,47,35,28,62,44,42,32,29,30,45,22,22,50,33,53,35,62,66,23,38,29,22,56,20,62,47,22,40,50,56,44,29,29,21,33,24,44,29,33,20,45,56,52,24,33,26,66,39,39,53,67,39,67,52,19,47,58,56,29,60,38,36,40,33,53,44,59,17,58,32,0,26,19,45,22,48,59,38,19,28,29,58,19,17,35,29,24,17,45,53,47,20,52,20,32,36,52,38,64
102,70,44,61,42,34,71,62,31,62,58,30,69,33,64,56,72,49,49,68,72,71,42,23,29,65,66,64,41,34,56,54,71,64,44,34,60,49,70,66,48,71,36,36,68,51,53,62,62,36,37,72,46,36,65,33,34,70,36,66,68,58,72,56,66,58,62,37,69,66,51,33,53,62,60,64,72,42,39,66,72,68,39,58,39,69,31,65,62,65,46,60,46,53,58,66,66,69,31,29,66,61,29,0,31,62,34,71,65,65,53,53,68,59,31,29,71,46,37,27,53,60,72,31,51,33,48,64,33,72,58
103,9,11,5,12,9,5,9,3,11,5,12,8,10,7,9,7,3,12,9,7,6,5,7,8,5,6,9,11,11,11,3,9,6,11,3,11,9,5,5,12,7,11,10,9,12,7,6,7,4,11,7,12,11,9,11,4,9,10,7,10,7,7,5,5,3,6,11,7,5,12,8,10,9,9,4,6,11,4,7,7,9,4,11,4,10,12,10,7,8,12,7,9,12,11,6,10,8,3,12,7,5,3,5,0,11,8,9,9,7,3,5,5,7,10,9,6,11,11,9,10,9,9,10,6,11,12,6,3,7,7
104,439,477,419,475,446,446,470,342,335,446,419,476,438,477,474,472,308,470,470,477,454,409,365,409,419,467,452,472,446,422,354,470,467,477,365,371,474,446,429,474,474,455,455,439,463,475,462,476,377,462,472,476,455,452,438,365,470,455,475,371,476,476,438,429,365,455,462,476,429,463,438,463,463,474,399,454,475,399,475,477,452,399,422,399,422,429,335,474,476,476,476,477,452,400,454,422,476,331,409,474,446,319,409,429,0,446,463,463,472,331,419,438,475,429,409,467,476,462,399,470,474,470,438,467,438,474,467,354,472,477
105,23,26,12,27,18,15,20,9,26,15,26,19,24,18,22,17,7,27,21,18,15,12,19,22,12,16,22,26,25,25,9,21,16,24,10,26,23,15,13,26,20,26,24,22,27,17,16,19,10,26,17,27,21,22,25,10,21,25,18,24,18,19,13,13,10,15,26,19,13,27,15,24,21,22,12,15,25,12,18,18,22,12,26,12,23,26,25,19,19,27,19,22,27,26,15,24,19,9,27,20,15,8,12,18,25,0,22,22,17,9,13,14,18,24,22,16,26,22,24,24,21,21,21,16,25,27,16,10,17,18
106,9716,12946,13525,12439,10921,13787,13599,10593,13599,13791,10262,12230,10921,13399,13787,13114,10921,13525,11588,12229,13726,12439,8597,9928,13525,13599,13114,12439,11244,13787,12158,9716,13599,12946,11244,13599,13525,13787,13745,13361,9716,11558,11558,11588,13654,13745,13599,13599,11558,11864,13114,13166,11558,12730,10921,11244,8315,11558,12730,12230,13787,11588,13745,13745,12439,13726,11864,11588,13745,13654,10921,13745,13399,13726,13166,13787,12702,12158,12730,12730,11588,12158,13787,12158,11588,10593,12730,13399,12730,13166,13599,13166,13745,13726,13726,12229,11588,10262,9928,12229,13787,9928,13525,10593,13399,11244,0,12730,13114,11864,13654,13745,13726,10593,9594,13599,13166,11864,9594,13745,13599,9716,10593,13654,10593,13361,13399,10921,13399,13726
107,9984,10153,9755,9755,8565,10479,7620,9961,10666,10326,7786,10765,8565,8446,9984,10816,7262,10607,7620,10765,10607,10780,6742,7786,9755,10709,8446,9755,8818,10765,8308,10285,10709,9961,10153,10765,10765,10479,10153,10326,10509,8818,9065,9591,10607,9984,10709,7620,10326,9065,10816,10153,8818,7620,8308,10326,10285,9065,10813,9591,9088,10666,10153,10153,8565,10607,9305,10666,10153,10709,8308,10509,7620,9088,9305,10479,9755,10709,10813,10813,9088,10709,10813,10709,9088,8048,10285,7620,7620,10153,7620,10816,10780,10813,10607,8446,10666,9755,7524,7620,10479,9535,9755,8308,10509,8818,9984,0,10816,7786,9961,10153,9088,8048,7524,10709,10153,9065,7524,10509,8446,10509,8308,10509,8308,10479,10780,10153,10780,9088
108,612,513,580,498,422,610,624,392,624,582,377,582,407,624,601,630,437,554,627,627,618,498,306,362,580,628,628,483,422,601,498,599,443,513,422,618,554,610,591,541,612,437,437,627,567,580,582,618,437,453,630,527,437,630,407,422,621,437,443,630,610,621,599,591,513,528,453,528,591,568,407,580,624,618,554,618,498,468,528,627,627,468,610,468,621,392,630,624,630,527,618,527,580,610,618,630,558,392,362,630,610,362,568,392,624,422,599,630,0,468,621,591,601,392,348,624,527,453,348,580,618,599,392,568,392,541,528,407,630,610
109,79,43,71,41,33,89,64,29,66,61,28,77,31,66,58,85,67,49,75,85,94,39,21,26,90,83,68,39,33,58,67,81,68,43,33,64,49,95,75,47,81,34,34,75,52,54,66,64,34,36,93,45,34,71,31,33,79,34,73,73,58,87,58,75,80,64,36,77,75,52,31,54,66,64,87,89,41,38,73,90,75,38,61,38,75,29,71,66,71,45,64,45,54,61,81,73,77,28,26,71,79,26,71,29,66,33,81,68,71,0,54,93,60,29,26,94,45,36,25,54,64,85,29,52,31,47,68,31,87,60
110,140,92,109,88,72,120,126,66,126,100,63,143,69,129,116,132,75,105,136,136,123,88,49,60,109,129,129,85,72,116,88,141,132,92,72,123,102,120,112,98,140,75,75,136,105,112,141,126,75,78,132,95,75,132,69,72,138,75,142,136,120,138,85,112,92,120,78,143,112,105,69,109,126,123,102,123,88,81,139,136,136,81,120,81,138,66,132,126,132,95,123,95,109,120,123,134,143,66,60,134,120,60,105,66,126,72,141,132,141,81,0,112,120,66,60,126,95,78,57,109,123,141,66,105,69,98,139,69,132,120
111,264,185,254,172,141,263,240,129,240,229,123,261,141,246,223,266,266,204,258,265,236,172,102,123,160,266,246,172,141,223,253,266,246,178,141,235,197,187,258,191,266,147,147,258,204,217,240,240,147,153,246,185,147,250,135,141,264,147,258,258,229,265,223,258,246,240,159,261,258,204,135,210,246,235,207,259,172,159,258,253,258,165,229,159,261,129,250,240,250,185,235,185,217,229,266,258,264,129,118,254,264,118,250,129,246,147,266,250,250,263,210,0,229,129,118,224,185,153,118,210,235,266,135,204,135,191,246,141,263,229
112,93,77,75,75,64,83,77,83,93,81,57,92,62,86,93,90,53,83,86,92,86,93,47,55,75,87,89,73,64,91,62,93,87,77,87,92,92,84,79,81,93,66,66,92,86,89,87,65,89,68,90,79,66,86,62,87,93,66,91,93,82,93,79,79,64,86,68,93,79,86,62,93,86,92,71,83,75,91,91,91,90,92,91,92,90,59,93,82,86,79,65,90,87,91,86,90,93,84,55,86,83,79,75,59,93,64,93,77,89,59,77,79,0,59,55,87,79,68,55,93,89,93,62,90,62,81,87,87,89,77
113,42,48,22,51,44,26,36,16,48,26,48,35,30,34,41,31,13,51,38,34,28,22,51,41,22,29,39,47,50,47,16,38,29,50,17,48,42,26,24,51,35,49,43,41,51,31,29,35,18,50,31,50,45,41,51,18,36,40,32,44,34,35,24,24,17,28,51,35,24,51,43,43,38,41,20,28,47,21,32,32,39,21,50,21,42,49,46,35,35,51,35,37,50,50,28,42,35,16,46,35,26,14,22,43,46,45,39,38,31,16,23,24,32,0,50,29,49,47,39,43,36,37,43,30,51,50,30,17,31,32
114,4,5,1,5,4,2,4,1,5,2,5,3,5,2,4,2,1,5,4,3,2,1,4,4,1,2,4,5,5,5,1,4,2,5,1,5,4,2,2,5,3,5,4,4,5,2,2,3,1,5,2,5,5,4,5,1,4,5,2,4,3,3,2,2,1,2,5,4,2,5,4,4,4,4,1,2,5,1,2,2,4,1,5,1,4,5,5,3,4,5,4,4,5,5,2,4,3,1,5,4,2,1,1,4,5,4,4,4,2,1,2,2,2,5,0,2,5,5,4,4,4,4,4,2,5,5,2,1,2,2
115,3126,2486,3130,2336,1957,2784,3043,1809,3043,2948,1737,3140,1957,3080,2892,2987,3043,2701,3141,2899,1893,2336,1462,1737,2899,2987,3080,2260,1957,2892,3141,3097,3080,2412,1957,2998,2632,2212,3141,2560,3097,2032,2032,3141,2701,2832,3043,3043,2032,2108,2212,2486,2032,3110,1883,1957,3126,2032,3141,3141,2948,2899,2893,3141,3126,3043,2184,3140,3141,2701,1883,2768,3080,2998,2987,2784,2336,2184,3130,2452,3141,2184,2948,2184,3140,1809,3110,3043,3110,2486,2998,2486,2832,2948,3097,3141,3126,1809,1666,3130,3126,1666,3110,1809,3080,2032,3097,3110,3110,3130,2768,2638,2948,1809,1666,0,2486,2108,1597,2768,2998,2987,1883,2701,1883,2560,3080,1957,2899,2948
116,475,345,317,488,481,364,451,238,484,352,461,432,475,432,475,410,208,453,461,432,376,317,410,452,317,388,469,491,481,488,249,461,388,484,260,484,475,364,341,467,442,486,467,475,345,410,388,442,271,489,410,477,486,469,475,260,452,486,421,489,432,442,341,341,260,376,489,442,341,411,475,486,461,475,294,364,382,294,421,421,469,305,477,305,481,469,491,442,442,477,442,461,453,467,376,481,442,238,451,442,364,218,317,469,491,481,469,461,410,238,329,341,421,469,451,388,0,489,452,486,451,461,475,399,475,382,399,260,410,421
117,94,104,55,103,81,64,88,42,104,64,98,83,98,79,94,74,36,102,88,79,67,55,82,97,55,72,90,104,101,103,42,88,69,81,44,104,94,64,60,97,85,104,96,92,104,74,69,82,46,104,74,105,62,92,100,46,88,101,77,98,82,83,60,60,46,67,104,83,60,104,93,98,88,92,52,67,103,52,77,79,90,52,105,52,96,98,101,83,83,103,82,90,104,105,67,96,83,40,101,85,64,38,55,97,101,88,90,88,74,40,57,60,77,96,90,69,104,0,100,96,85,88,81,72,100,105,72,44,74,79
118,34,42,18,45,41,21,30,13,42,21,45,28,37,27,34,25,11,46,31,27,23,18,28,27,18,24,33,42,42,40,13,32,24,46,14,42,34,21,19,46,29,43,37,34,44,26,23,29,15,41,26,44,43,33,40,14,30,39,27,38,28,28,20,20,14,23,42,28,19,45,39,37,32,33,16,22,40,16,26,27,33,16,43,16,36,44,39,29,28,45,28,31,44,43,22,36,29,13,46,29,21,11,17,36,39,41,31,31,25,12,18,20,27,36,33,23,43,44,0,36,30,31,36,24,43,43,25,14,26,27
119,1607,1577,1195,1535,1382,1347,1585,1157,1529,1347,1310,1557,1382,1608,1255,1481,817,1608,1607,1535,1382,1382,1118,1272,1195,1416,1484,1535,1416,1255,963,1592,1416,1557,1195,1484,1255,1347,1272,1602,1557,1450,1449,1608,1607,1602,1416,1607,1272,1449,1481,1577,1449,1585,1347,1234,1577,1449,1509,1600,1607,1557,1272,1272,1001,1382,1481,1557,1272,1607,1382,969,1562,1350,1118,1382,1535,1347,1509,1509,1607,1347,1484,1347,1600,1347,1585,1607,1607,1577,1607,1425,1585,1562,1382,1562,1557,1118,1234,1607,1347,1079,1195,1347,1585,1416,1602,1562,1481,926,1234,1272,1602,1347,1272,1416,1592,1481,1234,0,1585,1577,1382,1592,1382,1602,1416,1195,1449,1602
120,126,119,113,113,98,122,103,110,133,122,91,133,98,126,122,130,82,127,122,132,124,128,76,88,113,128,103,113,101,133,95,132,128,119,116,133,132,121,116,124,133,104,104,126,128,126,127,117,119,107,130,122,104,103,98,116,132,104,131,122,117,133,119,116,98,124,107,133,116,128,98,129,93,117,107,124,116,124,131,132,122,124,132,124,117,95,129,117,122,121,122,133,130,133,124,110,133,110,88,117,121,104,110,95,132,101,131,103,130,88,113,116,126,95,88,127,121,107,88,131,0,132,95,131,98,124,128,116,130,126
121,2015,2377,2573,2327,2044,2546,2569,1920,2546,2581,1858,2168,1982,2546,2581,2288,2163,2501,2288,2015,2508,2275,1547,1795,2573,2455,2508,2275,2044,2581,2377,1818,2508,2377,2044,2569,2501,2546,2581,2464,1818,2104,2104,2288,2532,2556,2546,2569,2104,2163,2288,2422,2104,2455,1982,2044,2015,2104,2382,2382,2581,1818,2581,2581,2422,2569,2163,2168,2581,2532,1982,2556,2546,2569,2532,2546,2327,2220,2382,2168,2288,2220,2581,2220,2288,1920,2455,2546,2455,2422,2569,2422,2556,2581,2508,2382,2168,1858,1795,2382,2546,1795,2573,1920,2546,2044,1818,2508,2455,2327,2556,2581,2581,1920,1795,2455,2422,2163,1795,2532,2569,0,1920,2532,1982,2464,2508,1982,2288,2581
122,66,78,37,81,48,42,60,26,78,42,78,56,70,54,66,50,23,81,61,54,46,37,56,56,37,48,64,78,75,75,28,62,48,77,29,78,66,42,41,80,58,79,70,66,81,52,46,58,31,76,52,80,56,64,72,29,60,73,54,72,56,58,41,41,29,46,78,56,39,81,68,70,62,66,34,44,75,34,54,54,64,35,79,34,68,76,73,58,56,81,56,62,80,80,44,68,58,26,80,58,44,24,35,68,75,64,62,62,50,25,37,41,54,68,64,48,79,64,64,70,58,60,0,50,73,80,50,29,52,54
123,32,24,22,23,19,25,28,25,31,25,17,30,19,32,32,29,15,26,31,30,26,30,14,17,22,27,31,23,20,31,17,31,26,23,26,31,31,25,23,26,31,20,20,32,27,18,26,30,26,20,29,24,20,31,18,26,31,20,29,32,24,30,23,23,19,26,21,30,23,27,19,31,30,31,21,26,23,29,29,30,32,29,30,29,32,18,31,31,32,24,30,30,29,30,26,31,30,24,16,31,25,23,22,18,31,20,31,31,29,17,23,23,31,18,17,26,25,21,16,31,31,31,19,0,18,26,27,26,29,31
124,104,122,59,127,115,70,94,42,122,67,107,88,127,85,104,82,36,128,97,88,73,59,115,118,59,76,101,124,100,118,44,97,76,126,46,122,104,70,64,128,91,127,110,104,127,82,76,91,49,113,82,127,120,101,89,46,94,128,85,113,88,91,64,64,46,73,100,91,64,127,118,110,97,104,54,70,120,54,85,85,101,56,124,56,107,100,115,91,91,124,91,98,126,125,73,107,91,42,118,91,70,38,59,124,118,118,97,97,79,42,61,64,85,126,124,76,124,122,118,110,94,98,115,76,0,126,79,46,82,85
125,133,104,92,132,133,102,128,70,127,102,130,123,133,121,133,114,62,112,130,121,105,92,117,128,92,111,131,132,134,132,73,130,111,130,76,130,133,102,96,118,126,134,132,133,104,117,108,123,80,134,114,127,134,131,131,76,128,134,117,134,123,123,99,96,76,108,134,123,96,80,131,134,130,131,86,105,124,86,117,121,131,86,124,86,134,131,133,126,123,127,123,130,112,118,105,134,123,70,126,126,102,65,89,131,133,134,130,130,114,67,92,96,117,131,128,108,104,134,126,134,126,128,131,111,133,0,114,73,117,121
126,435,348,397,338,285,421,433,264,433,390,253,407,274,433,414,440,295,378,441,441,427,327,205,243,397,437,437,327,285,414,338,429,310,348,285,427,378,421,406,369,435,295,295,441,388,397,344,427,295,306,440,359,295,440,274,285,439,295,370,441,421,439,407,406,348,344,306,390,406,388,274,397,433,427,378,427,338,317,310,441,441,317,421,317,439,264,440,433,440,359,427,359,398,421,427,441,390,253,243,441,421,243,388,264,433,285,429,440,370,317,429,406,414,264,243,433,359,306,243,388,427,429,274,388,274,378,0,274,440,421
127,294,183,175,167,132,199,332,217,269,199,120,260,132,326,294,233,108,207,326,260,216,343,92,114,175,224,318,167,139,251,132,286,224,175,254,260,260,199,183,199,269,146,146,303,216,318,216,350,361,153,242,183,146,326,132,282,277,146,251,294,332,260,191,191,139,216,153,269,183,216,132,277,326,303,160,207,175,361,251,251,311,356,251,333,311,126,286,332,326,191,345,242,224,251,207,311,269,254,108,332,199,282,167,126,269,139,286,339,233,120,175,191,339,126,114,224,191,153,114,269,318,277,132,303,132,199,224,0,233,357
128,632,529,647,499,420,546,638,405,638,630,389,641,420,644,621,577,572,572,647,576,546,499,316,374,650,546,648,499,436,621,621,619,644,529,420,638,572,632,632,559,619,452,452,647,587,599,644,638,436,467,546,544,452,650,420,436,632,452,650,650,621,546,611,632,630,638,467,641,632,587,420,599,644,630,648,507,514,483,650,507,647,483,621,483,647,405,650,644,650,544,638,544,599,630,576,650,641,389,374,650,600,374,647,405,644,436,632,648,650,599,599,641,621,405,374,600,544,467,374,587,638,576,420,587,420,572,648,420,0,630
129,460,397,376,376,321,416,409,453,461,416,287,461,321,426,460,448,266,425,426,458,425,456,245,287,376,434,439,376,321,458,309,462,433,386,458,458,458,416,397,406,462,332,332,456,425,439,433,325,461,343,448,397,332,426,309,461,462,332,453,456,409,461,397,397,321,425,354,461,397,425,309,462,426,449,354,425,376,460,453,453,449,460,453,460,449,298,462,387,426,397,325,448,441,453,425,439,461,448,276,409,416,441,376,298,462,332,460,387,448,298,386,397,387,298,276,433,397,354,276,461,439,462,309,456,309,416,441,458,448,0
